chlorpropamide,gender,num_not_lab_procedures,0.06514069694562451
rosiglitazone,num_not_lab_procedures,metformin,0.08173240479507479
pioglitazone,race,num_current_medications,0.05955089967595052
num_previous_emergencies,glimepiride,glyburide-metformin,0.06595729821078482
glipizide,number_diagnoses,pioglitazone,0.07375060905654995
tolbutamide,days_in_hospital,change_in_meds,0.12454322706635348
glimepiride,gender,repaglinide,0.06033284676464268
glimepiride,metformin,nateglinide,0.06855839908229816
glipizide,rosiglitazone,readmitted,0.07024188422387155
num_previous_emergencies,num_lab_procedures,readmitted,0.1183686441813915
acarbose,rosiglitazone,readmitted,0.13666647853116473
chlorpropamide,gender,rosiglitazone,0.06655028899203862
age,number_diagnoses,insulin,0.08553311357140216
repaglinide,num_lab_procedures,rosiglitazone,0.0558923442307464
readmitted,number_diagnoses,glipizide-metformin,0.07951410161528696
repaglinide,glyburide,insulin,0.06468361959054925
troglitazone,days_in_hospital,num_lab_procedures,0.20667953587446436
number_diagnoses,age,num_lab_procedures,0.07095754833798
repaglinide,gender,num_lab_procedures,0.06941777307625537
tolazamide,num_lab_procedures,change_in_meds,0.05702510907527218
num_outpatient_appointments,num_lab_procedures,insulin,0.07777314517196603
tolbutamide,gender,num_not_lab_procedures,0.08075486394701041
glimepiride,num_lab_procedures,glipizide,0.07673914589284649
glimepiride,repaglinide,pioglitazone,0.054869656738527346
tolbutamide,number_diagnoses,readmitted,0.13056606237430948
metformin,nateglinide,readmitted,0.05205549728113405
nateglinide,num_current_medications,glipizide,0.14263447291207557
num_outpatient_appointments,glipizide,rosiglitazone,0.061986886670575406
pioglitazone,gender,num_lab_procedures,0.060941946243689316
repaglinide,race,num_not_lab_procedures,0.06277140314141397
glimepiride,glyburide,insulin,0.08760096068780296
tolbutamide,age,insulin,0.12299429291214041
race,pioglitazone,insulin,0.08158538978749061
number_diagnoses,age,diabetes_med_prescribed,0.05820907102293784
age,num_lab_procedures,num_not_lab_procedures,0.06707334779909553
pioglitazone,race,glyburide,0.08622892829409814
pioglitazone,race,insulin,0.09932922748626641
nateglinide,gender,number_diagnoses,0.11423371361531129
num_inpatient_overnight_stays,gender,age,0.06789613725805661
readmitted,gender,tolbutamide,0.06204957530811303
troglitazone,age,rosiglitazone,0.09805679235636035
num_lab_procedures,insulin,glipizide-metformin,0.07295035740160764
num_previous_emergencies,glimepiride,insulin,0.10228498212669446
glimepiride,number_diagnoses,readmitted,0.05730689760067392
insulin,number_diagnoses,troglitazone,0.08014169097723309
rosiglitazone,glimepiride,insulin,0.06593710888290356
pioglitazone,number_diagnoses,metformin,0.07759343179912699
glimepiride,age,pioglitazone,0.08804983957208726
num_outpatient_appointments,num_not_lab_procedures,readmitted,0.058514823745224785
glipizide,number_diagnoses,insulin,0.0766096442799585
rosiglitazone,days_in_hospital,glyburide,0.057732918101694924
troglitazone,age,readmitted,0.12095577596300379
rosiglitazone,age,glyburide,0.07856707219611353
num_not_lab_procedures,gender,tolbutamide,0.059418521061827066
tolbutamide,age,change_in_meds,0.07987727693907502
age,repaglinide,insulin,0.060787147375173635
nateglinide,gender,num_lab_procedures,0.09854640600498715
pioglitazone,num_not_lab_procedures,number_diagnoses,0.06239243554614851
glyburide-metformin,gender,rosiglitazone,0.06543460338911404
num_not_lab_procedures,tolbutamide,insulin,0.06511920719669025
glimepiride,number_diagnoses,rosiglitazone,0.05794353584346773
acarbose,number_diagnoses,insulin,0.0892495792298329
rosiglitazone,num_not_lab_procedures,glipizide,0.08307306217670023
nateglinide,gender,rosiglitazone,0.10465265471824138
acarbose,gender,age,0.07678175377793997
acarbose,metformin,readmitted,0.08880588008289694
race,num_not_lab_procedures,number_diagnoses,0.05818242275820042
miglitol,metformin,insulin,0.05944410820417484
num_outpatient_appointments,num_lab_procedures,readmitted,0.07554300469229219
readmitted,nateglinide,insulin,0.08198240781617336
num_lab_procedures,metformin,pioglitazone,0.059292664829314626
num_previous_emergencies,num_not_lab_procedures,change_in_meds,0.1703355097190303
repaglinide,num_current_medications,glyburide,0.05985259123928679
days_in_hospital,num_not_lab_procedures,nateglinide,0.08395339645710341
glipizide,race,age,0.08809614117495723
insulin,num_not_lab_procedures,glipizide-metformin,0.07508408910308535
days_in_hospital,race,nateglinide,0.07029323753131879
miglitol,nateglinide,glyburide,0.05028907123895575
age,number_diagnoses,change_in_meds,0.05748053619210503
tolbutamide,num_lab_procedures,readmitted,0.12508773512172025
miglitol,number_diagnoses,glimepiride,0.060828845024454806
glyburide,num_current_medications,rosiglitazone,0.07982092734919458
change_in_meds,gender,tolbutamide,0.05100435348810568
race,gender,age,0.058747626659247806
num_previous_emergencies,age,glimepiride,0.05383916542410756
glimepiride,nateglinide,readmitted,0.05168329899739764
change_in_meds,glyburide,insulin,0.09434140483139872
num_outpatient_appointments,num_lab_procedures,glyburide,0.05426673079689189
tolbutamide,age,num_lab_procedures,0.06277498474218411
glipizide,repaglinide,insulin,0.07189831141441766
glimepiride,metformin,insulin,0.05811666738111132
num_not_lab_procedures,age,repaglinide,0.05834605745592057
metformin,num_lab_procedures,repaglinide,0.05959623995646382
metformin,gender,rosiglitazone,0.06951257486023064
rosiglitazone,gender,glipizide,0.05915717656688024
tolazamide,num_lab_procedures,num_not_lab_procedures,0.07326684885834356
nateglinide,glimepiride,insulin,0.08071576630826634
nateglinide,days_in_hospital,num_not_lab_procedures,0.12215410742946523
glimepiride,num_lab_procedures,num_not_lab_procedures,0.06672534881321203
num_lab_procedures,number_diagnoses,nateglinide,0.07601229703098651
num_current_medications,race,insulin,0.06834986438340261
repaglinide,age,insulin,0.08633033320346636
change_in_meds,glimepiride,insulin,0.056578741124607534
num_outpatient_appointments,race,insulin,0.05606697180694385
nateglinide,glipizide,readmitted,0.06838726336302355
troglitazone,insulin,readmitted,0.16639367250230747
acarbose,gender,glipizide,0.08315390194944358
acarbose,age,metformin,0.07912492584249545
repaglinide,metformin,pioglitazone,0.09296599136814367
nateglinide,num_current_medications,metformin,0.053054063618017844
troglitazone,num_current_medications,readmitted,0.09193106072037935
acarbose,number_diagnoses,readmitted,0.08284985923166983
glyburide,num_not_lab_procedures,repaglinide,0.05698351740474092
repaglinide,num_lab_procedures,glyburide,0.05022456789078667
race,gender,rosiglitazone,0.05673370187646172
metformin,gender,nateglinide,0.06333776601999956
number_diagnoses,metformin,glipizide,0.08138182824130141
nateglinide,age,glimepiride,0.08944947918593758
pioglitazone,days_in_hospital,glipizide,0.05704318315561928
change_in_meds,metformin,insulin,0.09800151295715065
num_current_medications,race,gender,0.08498067623455341
number_diagnoses,num_lab_procedures,metformin,0.051034287971687034
miglitol,num_not_lab_procedures,insulin,0.1088585318993682
readmitted,number_diagnoses,nateglinide,0.08490380986114437
pioglitazone,glipizide,insulin,0.06670456608322156
rosiglitazone,race,glipizide,0.06066187768835321
acarbose,num_not_lab_procedures,glyburide,0.07490752642649118
change_in_meds,num_not_lab_procedures,num_previous_emergencies,0.11925175642913391
num_current_medications,age,glipizide,0.053401665940068864
glimepiride,days_in_hospital,pioglitazone,0.0527872782991805
miglitol,number_diagnoses,change_in_meds,0.0613765164124326
readmitted,days_in_hospital,tolbutamide,0.08448093417978854
glimepiride,num_lab_procedures,metformin,0.058168631330946394
repaglinide,metformin,insulin,0.06176529527909361
repaglinide,number_diagnoses,pioglitazone,0.06758450484489836
miglitol,num_not_lab_procedures,glimepiride,0.06275254539282758
pioglitazone,num_lab_procedures,nateglinide,0.08400002940865961
num_current_medications,nateglinide,glipizide,0.0654489792940854
acarbose,rosiglitazone,insulin,0.05457783862972523
rosiglitazone,number_diagnoses,glimepiride,0.05793176439086294
nateglinide,race,glipizide,0.1253932142851636
miglitol,metformin,nateglinide,0.0541529156290411
num_outpatient_appointments,metformin,insulin,0.06036833884596832
pioglitazone,metformin,glimepiride,0.05085457163653012
num_outpatient_appointments,gender,diabetes_med_prescribed,0.0520975375809756
acarbose,race,gender,0.05372381881502722
metformin,num_not_lab_procedures,number_diagnoses,0.05491454947153908
repaglinide,metformin,readmitted,0.05397692440261319
nateglinide,pioglitazone,readmitted,0.14401805685265912
readmitted,num_current_medications,tolbutamide,0.07050932878174374
nateglinide,age,num_lab_procedures,0.1331291314887917
rosiglitazone,number_diagnoses,glyburide,0.05983153327717448
number_diagnoses,pioglitazone,readmitted,0.06640263463080534
glipizide-metformin,num_not_lab_procedures,glyburide,0.0917980431722704
tolazamide,number_diagnoses,change_in_meds,0.05873948031267939
pioglitazone,age,num_not_lab_procedures,0.08320787337605008
repaglinide,race,rosiglitazone,0.0526107206742462
nateglinide,age,pioglitazone,0.0966608792920842
num_current_medications,gender,nateglinide,0.06338940482350737
number_diagnoses,num_lab_procedures,tolbutamide,0.050667552824493076
pioglitazone,num_not_lab_procedures,glipizide,0.06419598760361081
nateglinide,num_lab_procedures,glipizide,0.09356101270443673
glipizide,age,metformin,0.07043197919800694
acarbose,gender,readmitted,0.07469865811409775
chlorpropamide,race,insulin,0.07834494307027998
nateglinide,num_lab_procedures,insulin,0.12715955996663847
num_outpatient_appointments,days_in_hospital,pioglitazone,0.05016304213517161
metformin,gender,pioglitazone,0.05208402865712719
tolbutamide,num_lab_procedures,num_not_lab_procedures,0.11995099875551629
repaglinide,num_lab_procedures,readmitted,0.07209504603933536
acarbose,number_diagnoses,rosiglitazone,0.05422955247990108
num_previous_emergencies,days_in_hospital,num_inpatient_overnight_stays,0.061116633214758936
troglitazone,days_in_hospital,number_diagnoses,0.1233563202567811
nateglinide,age,insulin,0.1177861376084776
glimepiride,race,age,0.08884167186971575
number_diagnoses,nateglinide,readmitted,0.08856834382767716
glipizide,gender,num_current_medications,0.06262105585507151
rosiglitazone,gender,pioglitazone,0.05622325567008162
repaglinide,pioglitazone,readmitted,0.06643401026538236
num_not_lab_procedures,tolbutamide,change_in_meds,0.06107985476939484
glimepiride,number_diagnoses,pioglitazone,0.07734873866380468
glimepiride,gender,glipizide,0.05294824895370691
acarbose,race,readmitted,0.06072364269202267
age,metformin,glimepiride,0.07830972835060378
glipizide,metformin,insulin,0.05235413926835896
glimepiride,num_not_lab_procedures,glipizide,0.06165313881986391
nateglinide,days_in_hospital,rosiglitazone,0.07696709271536845
glimepiride,rosiglitazone,readmitted,0.0549381199007657
rosiglitazone,age,insulin,0.0861761780783103
glimepiride,race,glyburide,0.07925044797590788
pioglitazone,age,glyburide-metformin,0.07929518125071572
glipizide-metformin,pioglitazone,insulin,0.08909934700833701
nateglinide,gender,pioglitazone,0.0691428691351906
nateglinide,age,glipizide,0.07473526887482002
nateglinide,num_lab_procedures,metformin,0.1395548964049505
glimepiride,num_not_lab_procedures,metformin,0.060118780555051356
race,gender,nateglinide,0.05953522892039183
acarbose,age,glipizide,0.08013983306992531
glipizide,num_current_medications,rosiglitazone,0.06383991101708983
repaglinide,number_diagnoses,rosiglitazone,0.0661322565292836
pioglitazone,num_lab_procedures,glimepiride,0.08745632812444061
glyburide,age,glimepiride,0.07413466610376364
glimepiride,pioglitazone,rosiglitazone,0.06042224020930757
glipizide-metformin,num_lab_procedures,readmitted,0.1241330503938552
num_current_medications,number_diagnoses,pioglitazone,0.050685341791024796
nateglinide,metformin,pioglitazone,0.08136321036414995
nateglinide,age,rosiglitazone,0.0916326811922724
rosiglitazone,num_lab_procedures,glipizide,0.08311446457103658
miglitol,days_in_hospital,readmitted,0.10588712874416495
nateglinide,glipizide,insulin,0.08796698362708158
glipizide-metformin,gender,num_lab_procedures,0.07174889525696215
pioglitazone,age,metformin,0.0992290788570809
readmitted,tolbutamide,change_in_meds,0.05272868589319052
rosiglitazone,num_lab_procedures,glimepiride,0.07333790723726602
glyburide-metformin,gender,insulin,0.05153204016480495
num_current_medications,num_previous_emergencies,num_inpatient_overnight_stays,0.058621786533822814
glyburide-metformin,race,gender,0.06215976023692059
troglitazone,num_lab_procedures,glimepiride,0.06643290362224752
repaglinide,age,num_lab_procedures,0.08955343149312679
nateglinide,gender,num_current_medications,0.08569902233528498
glimepiride,pioglitazone,readmitted,0.07878474026826843
rosiglitazone,age,num_lab_procedures,0.07677255548448958
nateglinide,race,insulin,0.09463652353564728
glyburide-metformin,num_lab_procedures,pioglitazone,0.09523031532342044
readmitted,num_not_lab_procedures,tolbutamide,0.07070286270105822
nateglinide,days_in_hospital,insulin,0.10853611214768236
glipizide,num_not_lab_procedures,rosiglitazone,0.07277627391009173
repaglinide,num_lab_procedures,insulin,0.08494976856388317
repaglinide,age,metformin,0.10361175863992046
num_previous_emergencies,number_diagnoses,diabetes_med_prescribed,0.06041661931559422
glipizide-metformin,number_diagnoses,metformin,0.08007150522939448
glyburide,num_lab_procedures,num_not_lab_procedures,0.05430299118401162
glyburide-metformin,num_lab_procedures,rosiglitazone,0.06132589142084009
pioglitazone,glyburide,readmitted,0.06126355240044462
tolbutamide,num_lab_procedures,number_diagnoses,0.14878722841934736
glipizide-metformin,change_in_meds,readmitted,0.10432685880088687
num_current_medications,diabetes_med_prescribed,readmitted,0.07157653763441808
glyburide,metformin,glimepiride,0.0999291811122939
troglitazone,age,num_current_medications,0.12078884954322247
troglitazone,rosiglitazone,readmitted,0.08640906425929588
num_previous_emergencies,gender,diabetes_med_prescribed,0.057729703598595965
tolbutamide,number_diagnoses,insulin,0.1459647954809275
troglitazone,age,glimepiride,0.09876327766724302
tolbutamide,days_in_hospital,glyburide,0.13165046739047612
nateglinide,number_diagnoses,glimepiride,0.09145191938223954
repaglinide,age,pioglitazone,0.0745835357003141
nateglinide,race,rosiglitazone,0.062727961229019
num_inpatient_overnight_stays,age,change_in_meds,0.06575262991372981
troglitazone,number_diagnoses,glimepiride,0.06780590503623433
race,number_diagnoses,pioglitazone,0.06108247192711713
days_in_hospital,number_diagnoses,tolbutamide,0.07351301104940276
pioglitazone,number_diagnoses,glipizide,0.07656140899157214
insulin,tolbutamide,readmitted,0.05996155844637284
acarbose,age,num_lab_procedures,0.09973639595741146
glipizide-metformin,age,glyburide,0.07006147216695843
glyburide,repaglinide,insulin,0.0626109934829101
miglitol,age,num_lab_procedures,0.08658452413085552
troglitazone,num_lab_procedures,rosiglitazone,0.12231421368620936
metformin,pioglitazone,insulin,0.060568498081093394
glipizide,num_not_lab_procedures,pioglitazone,0.06129004693043134
chlorpropamide,age,num_not_lab_procedures,0.09944527405563568
miglitol,metformin,readmitted,0.0664266264898609
glipizide,days_in_hospital,glimepiride,0.05281363663816255
insulin,num_lab_procedures,tolbutamide,0.08344410097280011
age,rosiglitazone,insulin,0.057686855891861996
days_in_hospital,nateglinide,rosiglitazone,0.06272238233441525
num_current_medications,race,glyburide,0.07981067101172074
pioglitazone,race,num_not_lab_procedures,0.09016307110034211
pioglitazone,gender,glyburide-metformin,0.08196184300962976
metformin,num_lab_procedures,num_not_lab_procedures,0.056882328973880486
insulin,num_lab_procedures,glipizide-metformin,0.08796261336871673
readmitted,gender,nateglinide,0.06024053140014995
days_in_hospital,tolbutamide,change_in_meds,0.0685029275602013
glyburide,num_current_medications,metformin,0.0520795688155998
glipizide,nateglinide,readmitted,0.0531543521272818
repaglinide,number_diagnoses,readmitted,0.10329948304179572
rosiglitazone,glipizide,readmitted,0.08499149896893975
num_outpatient_appointments,gender,num_lab_procedures,0.0823629915614901
acarbose,metformin,glipizide,0.0823028719121209
glipizide-metformin,number_diagnoses,readmitted,0.11200597872191632
number_diagnoses,gender,num_not_lab_procedures,0.05173637468868403
num_current_medications,num_not_lab_procedures,nateglinide,0.06654465194397352
metformin,glimepiride,insulin,0.05098117178392207
glimepiride,age,repaglinide,0.06477826989929364
acarbose,num_lab_procedures,insulin,0.11089615907547003
repaglinide,gender,num_current_medications,0.06406503129577663
acarbose,num_lab_procedures,glyburide,0.08991179899821311
nateglinide,race,num_current_medications,0.08903798195468511
rosiglitazone,metformin,insulin,0.06623832423230337
pioglitazone,rosiglitazone,insulin,0.05100430529138905
glipizide,num_not_lab_procedures,number_diagnoses,0.052171768759579976
race,num_lab_procedures,repaglinide,0.06173169254522638
nateglinide,race,pioglitazone,0.07680645924265977
miglitol,glimepiride,insulin,0.09208378259036035
pioglitazone,num_not_lab_procedures,repaglinide,0.0514932165906618
repaglinide,glimepiride,readmitted,0.08128312676518215
change_in_meds,insulin,glipizide-metformin,0.05345329956113301
metformin,age,pioglitazone,0.06404928557162541
rosiglitazone,age,readmitted,0.06560026899673742
num_previous_emergencies,number_diagnoses,insulin,0.1271151569043233
glyburide,days_in_hospital,repaglinide,0.057068161148591146
glipizide-metformin,age,pioglitazone,0.09497121087581492
metformin,glipizide,glyburide,0.09383058682138061
num_current_medications,num_not_lab_procedures,number_diagnoses,0.07564966168283242
rosiglitazone,gender,num_not_lab_procedures,0.0672907055610241
chlorpropamide,gender,num_current_medications,0.06095960998107497
nateglinide,days_in_hospital,pioglitazone,0.08926780268792259
chlorpropamide,num_not_lab_procedures,rosiglitazone,0.08330207531300823
tolbutamide,glyburide,readmitted,0.14310558453234754
days_in_hospital,num_lab_procedures,troglitazone,0.11129403244857686
rosiglitazone,insulin,readmitted,0.061318840673481784
race,number_diagnoses,metformin,0.06987021491073779
tolbutamide,race,num_not_lab_procedures,0.06443932084662496
nateglinide,gender,metformin,0.0767555793580012
glyburide,age,pioglitazone,0.05428930348053035
troglitazone,num_lab_procedures,insulin,0.14441107837343534
rosiglitazone,gender,glimepiride,0.06837945892683452
race,age,glyburide,0.062298386433558825
num_current_medications,age,diabetes_med_prescribed,0.05676893980525209
num_previous_emergencies,insulin,readmitted,0.12224936402666259
num_previous_emergencies,days_in_hospital,num_not_lab_procedures,0.08524693511487066
num_previous_emergencies,num_lab_procedures,glimepiride,0.09307287236510875
glipizide,days_in_hospital,nateglinide,0.05479175838268495
nateglinide,gender,glipizide,0.06708356216700226
pioglitazone,number_diagnoses,glimepiride,0.07166416211514005
chlorpropamide,age,readmitted,0.08640630850626536
number_diagnoses,num_not_lab_procedures,insulin,0.051605560379536494
rosiglitazone,num_current_medications,glipizide,0.11245790005858446
nateglinide,race,num_not_lab_procedures,0.0819253223585151
metformin,number_diagnoses,pioglitazone,0.07355014975314554
nateglinide,number_diagnoses,metformin,0.11186539521883836
race,num_not_lab_procedures,rosiglitazone,0.054361643037718566
pioglitazone,num_not_lab_procedures,readmitted,0.051728188976400476
chlorpropamide,num_current_medications,readmitted,0.10487673446951991
pioglitazone,race,num_lab_procedures,0.08731383977336157
glipizide-metformin,gender,number_diagnoses,0.05636096642352776
glipizide,num_lab_procedures,nateglinide,0.07171801622601331
num_lab_procedures,gender,nateglinide,0.0701733803308052
nateglinide,age,num_not_lab_procedures,0.1393826263193388
num_not_lab_procedures,num_lab_procedures,tolbutamide,0.07420457030814796
tolazamide,num_not_lab_procedures,readmitted,0.08013211904197953
num_current_medications,num_lab_procedures,num_not_lab_procedures,0.059609026717061475
number_diagnoses,num_lab_procedures,repaglinide,0.05812087448719726
nateglinide,race,readmitted,0.08037876463258672
glipizide-metformin,num_not_lab_procedures,pioglitazone,0.052613595071917894
chlorpropamide,gender,days_in_hospital,0.06891961763424675
acarbose,number_diagnoses,glyburide,0.09173321053152107
number_diagnoses,pioglitazone,insulin,0.059798195388078214
days_in_hospital,age,troglitazone,0.10159487758777117
troglitazone,num_current_medications,insulin,0.19303246833288468
num_current_medications,number_diagnoses,insulin,0.08887178174590044
nateglinide,rosiglitazone,readmitted,0.06469381350993181
num_current_medications,race,age,0.08337383423327105
glimepiride,repaglinide,insulin,0.07465627735824514
rosiglitazone,race,gender,0.0689304857242898
metformin,race,gender,0.05650299413044778
troglitazone,days_in_hospital,glimepiride,0.10267185453013636
tolbutamide,gender,age,0.09477437995567783
readmitted,num_lab_procedures,nateglinide,0.08087441108442774
age,gender,nateglinide,0.050530463328664274
glyburide,number_diagnoses,glimepiride,0.06515311018678
glyburide,race,glimepiride,0.07634182010049187
glipizide-metformin,metformin,readmitted,0.06607212047255345
metformin,num_not_lab_procedures,rosiglitazone,0.05227090988158131
readmitted,num_not_lab_procedures,nateglinide,0.05652644983830647
chlorpropamide,race,gender,0.08469965849640171
num_current_medications,days_in_hospital,diabetes_med_prescribed,0.05178214220767413
gender,num_lab_procedures,glyburide-metformin,0.0841471957887387
chlorpropamide,days_in_hospital,readmitted,0.12797837626709604
glimepiride,race,num_not_lab_procedures,0.05720834386635314
days_in_hospital,rosiglitazone,troglitazone,0.09463833743501529
days_in_hospital,nateglinide,insulin,0.102865208823918
num_current_medications,glipizide,rosiglitazone,0.05596576153192798
pioglitazone,num_lab_procedures,metformin,0.08877495999267751
troglitazone,days_in_hospital,insulin,0.20112982055938028
pioglitazone,age,glyburide,0.07147018453391013
num_previous_emergencies,num_lab_procedures,insulin,0.1900583658322728
glyburide-metformin,gender,age,0.1356725394384714
glipizide-metformin,gender,age,0.09762780652778229
race,rosiglitazone,readmitted,0.05358153971412563
number_diagnoses,nateglinide,insulin,0.09040021453193314
readmitted,days_in_hospital,chlorpropamide,0.05220347901450804
repaglinide,glimepiride,insulin,0.07845893076571017
glipizide,gender,rosiglitazone,0.06883139877087575
num_lab_procedures,num_not_lab_procedures,number_diagnoses,0.0602748299252513
nateglinide,num_lab_procedures,number_diagnoses,0.18600870015239954
repaglinide,race,glipizide,0.05211187941816192
glyburide-metformin,age,insulin,0.0852022325379678
glipizide,age,glimepiride,0.06109350145404342
glipizide,repaglinide,readmitted,0.06293123086852781
number_diagnoses,age,num_current_medications,0.08041378179702263
glyburide,gender,glimepiride,0.060430457018794556
nateglinide,number_diagnoses,rosiglitazone,0.08063247644614682
troglitazone,days_in_hospital,rosiglitazone,0.19922484158948164
num_not_lab_procedures,number_diagnoses,tolbutamide,0.05837509849516649
rosiglitazone,num_current_medications,glyburide,0.06554359683036372
glipizide-metformin,number_diagnoses,pioglitazone,0.11016219316639685
num_current_medications,glyburide,insulin,0.07253329410466156
troglitazone,days_in_hospital,readmitted,0.10757544036121951
acarbose,glyburide,glyburide-metformin,0.07138580634131705
tolbutamide,age,glyburide,0.05518879812640846
glyburide-metformin,insulin,readmitted,0.05573160340818573
days_in_hospital,tolbutamide,readmitted,0.05651313086848502
repaglinide,age,num_not_lab_procedures,0.11207767829709947
repaglinide,num_not_lab_procedures,metformin,0.06323352079525783
num_current_medications,glipizide,readmitted,0.06235723438559859
num_previous_emergencies,num_lab_procedures,change_in_meds,0.12171516448874219
insulin,number_diagnoses,tolbutamide,0.05629254154242605
pioglitazone,gender,glyburide,0.07411100972531706
nateglinide,days_in_hospital,readmitted,0.08983490630295901
nateglinide,num_not_lab_procedures,glipizide,0.0789464411191482
nateglinide,age,num_current_medications,0.0964260338211633
nateglinide,num_not_lab_procedures,rosiglitazone,0.07711279232112134
rosiglitazone,metformin,glimepiride,0.05800690850172853
glipizide-metformin,glipizide,insulin,0.13503256438537672
num_lab_procedures,metformin,nateglinide,0.06122813483360161
num_current_medications,age,nateglinide,0.07119056827465446
glyburide,pioglitazone,insulin,0.07096959156609628
troglitazone,number_diagnoses,insulin,0.1592776592786612
glimepiride,num_lab_procedures,rosiglitazone,0.07071982271741556
num_previous_emergencies,num_not_lab_procedures,insulin,0.18575830954221684
acarbose,insulin,readmitted,0.08624864225717042
num_not_lab_procedures,num_lab_procedures,repaglinide,0.05376538299359106
glipizide-metformin,num_not_lab_procedures,insulin,0.12187161064617973
nateglinide,num_lab_procedures,readmitted,0.15628107507443442
glimepiride,num_not_lab_procedures,repaglinide,0.0716159897455472
glyburide,num_lab_procedures,glimepiride,0.08189217216016695
metformin,race,readmitted,0.05425673643567981
days_in_hospital,nateglinide,glipizide,0.061763180193005876
rosiglitazone,glipizide,pioglitazone,0.05553463713973887
tolazamide,num_lab_procedures,readmitted,0.0555757496358929
age,num_lab_procedures,repaglinide,0.060391903310183355
acarbose,num_not_lab_procedures,readmitted,0.1437133943171544
acarbose,repaglinide,glipizide,0.06313576846980863
pioglitazone,metformin,insulin,0.061097155010949616
race,num_current_medications,glyburide,0.05857281214777793
pioglitazone,age,glipizide,0.0755327472509586
number_diagnoses,glipizide,pioglitazone,0.08151819105685432
glipizide-metformin,age,num_not_lab_procedures,0.10630386539324245
acarbose,glipizide,insulin,0.05759247523095627
metformin,pioglitazone,rosiglitazone,0.05646696341963969
num_current_medications,number_diagnoses,readmitted,0.056925647558376834
pioglitazone,nateglinide,glimepiride,0.050671609404670206
rosiglitazone,age,num_not_lab_procedures,0.09263086237867751
glimepiride,num_lab_procedures,glyburide,0.0821712691051025
pioglitazone,metformin,glipizide,0.089978745392137
insulin,num_not_lab_procedures,tolbutamide,0.061377740822510345
repaglinide,num_not_lab_procedures,readmitted,0.07490284810062568
nateglinide,num_lab_procedures,pioglitazone,0.14514749502669683
change_in_meds,tolbutamide,insulin,0.06018638978548022
repaglinide,gender,num_not_lab_procedures,0.06604791177012613
num_current_medications,race,nateglinide,0.05534331243740575
acarbose,num_lab_procedures,glimepiride,0.07290564309821315
pioglitazone,num_not_lab_procedures,metformin,0.07695584850322534
num_outpatient_appointments,race,gender,0.061575952371106496
repaglinide,glyburide,pioglitazone,0.06401954649586324
change_in_meds,pioglitazone,insulin,0.059518648012152536
rosiglitazone,num_lab_procedures,metformin,0.05718196600549328
glimepiride,num_not_lab_procedures,rosiglitazone,0.07195957410512682
glipizide-metformin,num_lab_procedures,insulin,0.17239614745327478
pioglitazone,num_not_lab_procedures,glimepiride,0.07764496635210597
num_not_lab_procedures,number_diagnoses,readmitted,0.06696234742031919
nateglinide,race,metformin,0.0698023918285993
nateglinide,num_lab_procedures,rosiglitazone,0.06910194761498792
miglitol,number_diagnoses,insulin,0.18663300479209086
rosiglitazone,number_diagnoses,metformin,0.07958978135931832
acarbose,gender,metformin,0.05090602633365528
tolbutamide,age,readmitted,0.08656637371416415
repaglinide,age,glipizide,0.059572766229100696
glipizide,num_not_lab_procedures,nateglinide,0.06105225096173789
num_outpatient_appointments,age,num_lab_procedures,0.06267789978209305
rosiglitazone,gender,metformin,0.06832923933991733
age,number_diagnoses,glipizide-metformin,0.056516274972807506
glipizide-metformin,num_not_lab_procedures,readmitted,0.09794342734043646
num_previous_emergencies,num_not_lab_procedures,glimepiride,0.07216604411699944
nateglinide,glimepiride,readmitted,0.07245635942008918
metformin,race,pioglitazone,0.06055893761205378
glyburide-metformin,pioglitazone,insulin,0.1388457744882515
glyburide-metformin,race,insulin,0.05602012956097095
pioglitazone,metformin,repaglinide,0.08407655585799803
glipizide-metformin,num_not_lab_procedures,change_in_meds,0.09459292599623251
metformin,race,repaglinide,0.05700089909278677
rosiglitazone,race,number_diagnoses,0.08756466086221001
diabetes_med_prescribed,gender,num_current_medications,0.0632295143482492
pioglitazone,race,days_in_hospital,0.05778702465021894
num_current_medications,number_diagnoses,rosiglitazone,0.05766871524434001
glimepiride,pioglitazone,insulin,0.08665264515487862
nateglinide,age,metformin,0.12738013235516515
miglitol,num_current_medications,readmitted,0.0876414329581406
troglitazone,glimepiride,readmitted,0.15068842131464388
num_current_medications,glyburide,rosiglitazone,0.0869816266930368
readmitted,num_lab_procedures,glipizide-metformin,0.08732525145701542
num_current_medications,days_in_hospital,glipizide,0.051212490499015
num_outpatient_appointments,num_not_lab_procedures,insulin,0.08565243523515814
num_current_medications,age,insulin,0.0872821941679583
tolbutamide,gender,num_current_medications,0.07914041845850797
days_in_hospital,gender,tolbutamide,0.06092841201450878
repaglinide,num_not_lab_procedures,glipizide,0.06073841495419276
glimepiride,race,num_lab_procedures,0.05106960965731414
pioglitazone,days_in_hospital,glimepiride,0.062587648713383
repaglinide,num_not_lab_procedures,pioglitazone,0.0797307898953558
glipizide,pioglitazone,insulin,0.053642269861783984
pioglitazone,gender,glimepiride,0.07258450146054687
glimepiride,num_not_lab_procedures,glyburide,0.06244400581771302
chlorpropamide,age,num_current_medications,0.07463864548494384
num_not_lab_procedures,gender,nateglinide,0.06955107875677692
glimepiride,race,pioglitazone,0.07257495019249767
glipizide,glimepiride,readmitted,0.051862444275291034
troglitazone,number_diagnoses,rosiglitazone,0.06960145510255919
miglitol,days_in_hospital,glipizide,0.09854525158160286
glipizide-metformin,glipizide,readmitted,0.07311076322446113
tolbutamide,days_in_hospital,num_not_lab_procedures,0.13158281920260545
pioglitazone,rosiglitazone,readmitted,0.05456569992400819
rosiglitazone,gender,age,0.07871530521579947
acarbose,age,rosiglitazone,0.06755461908620246
rosiglitazone,race,metformin,0.06767235411778527
readmitted,num_lab_procedures,acarbose,0.09933852342658944
repaglinide,race,metformin,0.06816603579601616
glyburide,tolbutamide,readmitted,0.055861866927118316
pioglitazone,days_in_hospital,number_diagnoses,0.09660164172861796
num_outpatient_appointments,gender,insulin,0.07166550549515817
glimepiride,num_lab_procedures,repaglinide,0.08071227510855758
tolbutamide,num_current_medications,glyburide,0.1103291975771396
readmitted,glyburide,tolbutamide,0.0702727353965224
miglitol,glyburide,pioglitazone,0.05197195776003478
glyburide,gender,pioglitazone,0.06103341792474423
acarbose,glimepiride,rosiglitazone,0.07628265761593082
insulin,num_not_lab_procedures,num_previous_emergencies,0.1177092209524772
glipizide-metformin,age,num_lab_procedures,0.10104759114731925
glipizide-metformin,number_diagnoses,change_in_meds,0.05812260204558084
rosiglitazone,num_not_lab_procedures,number_diagnoses,0.07091087699305931
glipizide-metformin,age,glyburide-metformin,0.07632519653546407
pioglitazone,num_lab_procedures,glipizide,0.07021275876399635
glyburide,race,insulin,0.059301421943305135
acarbose,gender,num_lab_procedures,0.06064417902314646
pioglitazone,age,nateglinide,0.06116178217505093
number_diagnoses,age,metformin,0.07070688577534992
pioglitazone,glimepiride,glipizide,0.06975947017270526
acarbose,gender,num_not_lab_procedures,0.08210191827286792
repaglinide,number_diagnoses,metformin,0.06491752912871374
chlorpropamide,days_in_hospital,insulin,0.11748314055036979
acarbose,num_lab_procedures,num_not_lab_procedures,0.10429597414895489
number_diagnoses,num_lab_procedures,num_not_lab_procedures,0.0739138713821963
repaglinide,days_in_hospital,glyburide,0.06376973829150687
miglitol,num_not_lab_procedures,number_diagnoses,0.09049402898433005
insulin,gender,tolbutamide,0.06858735291971475
chlorpropamide,race,num_not_lab_procedures,0.0689722956702464
num_current_medications,nateglinide,readmitted,0.06593609525854058
glimepiride,num_not_lab_procedures,pioglitazone,0.08143949929821054
repaglinide,num_lab_procedures,metformin,0.07184949481680261
troglitazone,age,insulin,0.17584631811847834
repaglinide,pioglitazone,insulin,0.06102389628629991
tolazamide,number_diagnoses,readmitted,0.07016266251028525
tolazamide,gender,num_lab_procedures,0.07912906501247108
glimepiride,gender,glyburide,0.058697036374011934
glipizide,num_lab_procedures,glimepiride,0.07122700462669958
chlorpropamide,race,readmitted,0.06926400803458467
glyburide,race,num_not_lab_procedures,0.06389942580005445
num_not_lab_procedures,nateglinide,readmitted,0.07183280857702369
pioglitazone,age,glimepiride,0.08851455112396926
glyburide,age,metformin,0.06528744991062975
rosiglitazone,age,glimepiride,0.07780931384561651
chlorpropamide,num_not_lab_procedures,insulin,0.06008609509061859
tolbutamide,num_not_lab_procedures,number_diagnoses,0.10480201444145067
glimepiride,glipizide,insulin,0.07333580992287164
nateglinide,num_not_lab_procedures,pioglitazone,0.10541500571206255
tolazamide,age,readmitted,0.05107545472603631
glyburide,num_lab_procedures,pioglitazone,0.06265731956981732
repaglinide,num_not_lab_procedures,glimepiride,0.08325626283356607
num_outpatient_appointments,age,change_in_meds,0.05593384310837709
number_diagnoses,race,nateglinide,0.06948570418484093
repaglinide,num_current_medications,metformin,0.051853199353239954
glimepiride,gender,nateglinide,0.05285022206631122
acarbose,glipizide,readmitted,0.08712493489947587
miglitol,num_lab_procedures,rosiglitazone,0.060767533858498674
metformin,pioglitazone,readmitted,0.0595584958265012
rosiglitazone,age,metformin,0.07293831207006404
rosiglitazone,number_diagnoses,readmitted,0.058619493658122794
repaglinide,num_not_lab_procedures,insulin,0.07501541680911222
insulin,glipizide,glipizide-metformin,0.07554090557827425
chlorpropamide,gender,insulin,0.12133228858749787
pioglitazone,gender,age,0.050620693914122356
nateglinide,glimepiride,pioglitazone,0.08203244792049559
troglitazone,age,num_lab_procedures,0.08574918124132544
glipizide,number_diagnoses,rosiglitazone,0.06105681340828145
pioglitazone,num_not_lab_procedures,insulin,0.05074411869774762
diabetes_med_prescribed,age,num_current_medications,0.0587376114913256
glyburide,glipizide,insulin,0.05183396072139146
rosiglitazone,number_diagnoses,glipizide,0.06587047048250963
days_in_hospital,nateglinide,pioglitazone,0.06863205261229804
glimepiride,days_in_hospital,glipizide,0.05103070893869079
acarbose,num_not_lab_procedures,insulin,0.06884378106839498
repaglinide,age,readmitted,0.08018214774261977
glipizide,age,nateglinide,0.0525817855144889
miglitol,rosiglitazone,insulin,0.1001966272136019
nateglinide,num_not_lab_procedures,glimepiride,0.0817462746209642
acarbose,gender,rosiglitazone,0.06261601211055016
glipizide-metformin,age,insulin,0.1563226063546331
readmitted,tolbutamide,insulin,0.05537123875080862
miglitol,num_not_lab_procedures,rosiglitazone,0.07861640744111231
metformin,glimepiride,glyburide,0.06510324603055956
pioglitazone,number_diagnoses,readmitted,0.0760139836656286
insulin,age,tolbutamide,0.06376248500848619
glyburide-metformin,num_lab_procedures,num_not_lab_procedures,0.06763003533593732
pioglitazone,glipizide,rosiglitazone,0.06258311330097417
glimepiride,age,rosiglitazone,0.07378270085600028
troglitazone,num_lab_procedures,readmitted,0.07353885734104941
repaglinide,gender,readmitted,0.059503084989034276
pioglitazone,glyburide,insulin,0.08463856038679318
num_current_medications,num_not_lab_procedures,insulin,0.06136001548196413
num_not_lab_procedures,age,nateglinide,0.07698299038424865
repaglinide,race,gender,0.05300278991647154
acarbose,num_not_lab_procedures,rosiglitazone,0.06754651998220101
pioglitazone,race,glipizide,0.07228259341969076
num_current_medications,age,change_in_meds,0.051587008141377656
miglitol,race,readmitted,0.08789892586852507
tolazamide,num_not_lab_procedures,number_diagnoses,0.0560693871482048
rosiglitazone,num_not_lab_procedures,insulin,0.060689285711952076
number_diagnoses,num_not_lab_procedures,readmitted,0.05413207981432085
miglitol,race,glipizide,0.06819814166140974
chlorpropamide,age,days_in_hospital,0.0935618410894226
pioglitazone,num_lab_procedures,repaglinide,0.06359695712529417
nateglinide,metformin,readmitted,0.08255957833962627
nateglinide,gender,num_not_lab_procedures,0.09541180522058337
troglitazone,number_diagnoses,readmitted,0.09141122391418872
repaglinide,num_lab_procedures,glipizide,0.052879783720112775
readmitted,insulin,glipizide-metformin,0.0721609250718852
race,glyburide,pioglitazone,0.05670453980003237
num_inpatient_overnight_stays,num_not_lab_procedures,change_in_meds,0.05414653200419909
nateglinide,num_current_medications,readmitted,0.08681124474029858
glimepiride,gender,pioglitazone,0.06846135953773932
rosiglitazone,num_not_lab_procedures,glyburide,0.071594074854584
glimepiride,race,insulin,0.06312016376890231
readmitted,age,tolbutamide,0.06653550401716547
glimepiride,gender,rosiglitazone,0.07477294239505458
miglitol,race,insulin,0.07748955765914331
race,gender,pioglitazone,0.05593970840102937
repaglinide,age,glimepiride,0.06769302858605056
metformin,num_lab_procedures,nateglinide,0.07577424443652159
glyburide,race,age,0.08808179365213739
num_not_lab_procedures,nateglinide,insulin,0.07836593553709775
tolazamide,gender,num_not_lab_procedures,0.05355307297527411
num_lab_procedures,nateglinide,insulin,0.08916990005283706
number_diagnoses,age,nateglinide,0.07998275803156715
repaglinide,gender,glimepiride,0.06194854911044339
glimepiride,number_diagnoses,metformin,0.07787270743023923
num_inpatient_overnight_stays,metformin,glimepiride,0.07153071696217501
repaglinide,num_current_medications,readmitted,0.06365777819205123
num_not_lab_procedures,repaglinide,insulin,0.05844176175292751
repaglinide,age,glyburide,0.055016492522380264
pioglitazone,repaglinide,insulin,0.057977143245040816
number_diagnoses,age,readmitted,0.05929749782418441
chlorpropamide,days_in_hospital,change_in_meds,0.061724212634902895
tolbutamide,days_in_hospital,number_diagnoses,0.0978206165560948
number_diagnoses,glipizide,insulin,0.0508917163315587
glyburide,age,rosiglitazone,0.05771051501669727
age,nateglinide,readmitted,0.05085167949584384
nateglinide,num_not_lab_procedures,insulin,0.11093993084292467
number_diagnoses,num_not_lab_procedures,nateglinide,0.07079116103141343
num_current_medications,repaglinide,readmitted,0.05008646689984579
number_diagnoses,age,glipizide,0.054630711701175394
num_not_lab_procedures,repaglinide,readmitted,0.05331138622813643
nateglinide,age,days_in_hospital,0.09904193608544165
rosiglitazone,race,num_lab_procedures,0.06698985986886538
glipizide-metformin,number_diagnoses,glyburide,0.07185059176848174
race,metformin,readmitted,0.055486878837518634
glipizide-metformin,age,change_in_meds,0.08195685028066725
glipizide,glimepiride,insulin,0.07526585236513364
chlorpropamide,gender,age,0.07614345617861445
number_diagnoses,age,insulin,0.0884189722731165
num_not_lab_procedures,tolbutamide,readmitted,0.08533484951276493
chlorpropamide,age,rosiglitazone,0.08486193889732696
tolbutamide,days_in_hospital,readmitted,0.1408475737595214
insulin,age,glipizide-metformin,0.07381182162131186
num_inpatient_overnight_stays,num_lab_procedures,num_not_lab_procedures,0.06662765414190568
nateglinide,glipizide,pioglitazone,0.06303117718116474
rosiglitazone,age,glipizide,0.07522925561606286
glipizide-metformin,gender,change_in_meds,0.06268886814282053
repaglinide,num_lab_procedures,num_not_lab_procedures,0.08360313835615608
miglitol,glipizide,readmitted,0.11507220728184749
gender,age,tolbutamide,0.051448108469913045
nateglinide,num_current_medications,insulin,0.12424078951098191
miglitol,num_lab_procedures,readmitted,0.11311131657961482
tolbutamide,gender,change_in_meds,0.10069215564658071
glipizide-metformin,num_lab_procedures,change_in_meds,0.12669000717703063
num_previous_emergencies,age,num_lab_procedures,0.06647483650607106
pioglitazone,race,repaglinide,0.07800876609330659
chlorpropamide,days_in_hospital,num_not_lab_procedures,0.11166524097413345
glipizide-metformin,gender,readmitted,0.15651612952858604
nateglinide,metformin,insulin,0.127655383191636
num_lab_procedures,age,glipizide-metformin,0.05493542541204771
days_in_hospital,gender,nateglinide,0.07024934604134184
nateglinide,days_in_hospital,glipizide,0.1323468410235363
pioglitazone,gender,repaglinide,0.058026314390587336
race,num_lab_procedures,insulin,0.05957299904263312
num_lab_procedures,nateglinide,readmitted,0.07461001329980668
days_in_hospital,nateglinide,readmitted,0.07498891037841834
glimepiride,age,glipizide,0.06659567465677874
number_diagnoses,num_lab_procedures,insulin,0.06017814680726366
glipizide,race,nateglinide,0.070279112910635
metformin,num_not_lab_procedures,pioglitazone,0.0658394760481372
number_diagnoses,race,insulin,0.05000026761652562
repaglinide,glipizide,readmitted,0.08235210511260588
glyburide,num_not_lab_procedures,glimepiride,0.06145521936162213
pioglitazone,num_lab_procedures,rosiglitazone,0.055739363280332
troglitazone,num_lab_procedures,num_current_medications,0.17557804372153601
nateglinide,gender,days_in_hospital,0.07408044721871097
metformin,repaglinide,glyburide,0.054177328640362704
repaglinide,number_diagnoses,glimepiride,0.07380697023429295
glimepiride,age,metformin,0.10569622928617116
num_current_medications,number_diagnoses,glipizide,0.07751166250313155
age,number_diagnoses,diabetes_med_prescribed,0.05538906473697389
metformin,glyburide,pioglitazone,0.06930935607507496
acarbose,gender,glyburide,0.07140689570072331
nateglinide,days_in_hospital,metformin,0.05656567902854247
rosiglitazone,num_not_lab_procedures,readmitted,0.06292457383853994
glimepiride,glipizide,readmitted,0.052972736141933444
insulin,number_diagnoses,glipizide-metformin,0.06888534531788418
miglitol,num_current_medications,glipizide,0.08553110106884002
repaglinide,race,insulin,0.07713764020616085
glimepiride,rosiglitazone,insulin,0.06637405507003082
nateglinide,num_not_lab_procedures,metformin,0.1407139696759458
chlorpropamide,race,age,0.09837864789018186
num_current_medications,age,glyburide,0.05961384088644692
metformin,race,rosiglitazone,0.05147668078533
glyburide-metformin,gender,num_lab_procedures,0.09738529121014908
age,race,gender,0.05047714671246749
number_diagnoses,age,num_not_lab_procedures,0.08467330141526624
troglitazone,num_current_medications,rosiglitazone,0.1565265626377019
readmitted,age,glipizide-metformin,0.07488893700099694
miglitol,age,num_not_lab_procedures,0.0985355613443759
repaglinide,age,num_current_medications,0.06428910603254873
num_current_medications,age,readmitted,0.06099892669120363
tolbutamide,number_diagnoses,change_in_meds,0.1102673967522605
pioglitazone,num_lab_procedures,glyburide-metformin,0.07704930704697274
miglitol,glipizide,insulin,0.0834884957044533
pioglitazone,glipizide,glyburide,0.08548431998800965
num_current_medications,num_lab_procedures,diabetes_med_prescribed,0.05167916448299951
rosiglitazone,num_not_lab_procedures,glimepiride,0.06771613959603631
nateglinide,metformin,rosiglitazone,0.09790583536829331
glyburide,metformin,pioglitazone,0.05467046704894949
metformin,num_lab_procedures,pioglitazone,0.07430733480358923
race,number_diagnoses,rosiglitazone,0.0583231931569799
troglitazone,age,days_in_hospital,0.14858196874085322
rosiglitazone,num_lab_procedures,insulin,0.0582703111801971
nateglinide,number_diagnoses,glipizide,0.05354033824415899
glyburide,race,num_current_medications,0.06054853832910141
glipizide,num_not_lab_procedures,glimepiride,0.05854307439250428
glipizide,number_diagnoses,metformin,0.07274616148208687
metformin,num_not_lab_procedures,nateglinide,0.06901013604637965
pioglitazone,race,number_diagnoses,0.08170042177964357
diabetes_med_prescribed,num_current_medications,readmitted,0.06048975705798797
num_previous_emergencies,num_not_lab_procedures,readmitted,0.061147314513534945
nateglinide,num_lab_procedures,num_not_lab_procedures,0.16446367005234042
pioglitazone,num_lab_procedures,glyburide,0.0638146514592411
repaglinide,age,rosiglitazone,0.0614874087021358
num_current_medications,glipizide,insulin,0.06701997605466213
acarbose,num_not_lab_procedures,metformin,0.06274580001006075
num_previous_emergencies,gender,change_in_meds,0.0667454390516811
miglitol,age,rosiglitazone,0.05194455078057851
repaglinide,glimepiride,pioglitazone,0.06521515774031801
metformin,race,age,0.09733156681924013
acarbose,glyburide,readmitted,0.08947521096905375
nateglinide,number_diagnoses,readmitted,0.16699938104654033
nateglinide,pioglitazone,rosiglitazone,0.056091389713552306
glipizide-metformin,age,readmitted,0.13346957903156845
tolazamide,metformin,readmitted,0.057944863157510955
num_lab_procedures,num_not_lab_procedures,nateglinide,0.0718743292572592
num_current_medications,race,glipizide,0.05807945713766584
repaglinide,num_not_lab_procedures,glyburide,0.06305440755687297
pioglitazone,number_diagnoses,insulin,0.07300000223631609
rosiglitazone,num_current_medications,metformin,0.06172932198076301
glyburide,days_in_hospital,tolbutamide,0.0595544148134905
glyburide-metformin,num_lab_procedures,insulin,0.07757198497939993
num_outpatient_appointments,repaglinide,readmitted,0.05386557997969337
rosiglitazone,glipizide,insulin,0.09696594832750494
pioglitazone,insulin,glyburide-metformin,0.09577664309544173
miglitol,days_in_hospital,insulin,0.10055654405002135
tolbutamide,change_in_meds,readmitted,0.09625415370769838
race,metformin,pioglitazone,0.0766697139328726
glipizide-metformin,glyburide,readmitted,0.06168263544840875
num_not_lab_procedures,metformin,nateglinide,0.06247137298243239
chlorpropamide,num_not_lab_procedures,readmitted,0.09785045966037936
tolbutamide,age,days_in_hospital,0.05234581355540699
days_in_hospital,num_lab_procedures,nateglinide,0.07876462662100711
gender,glipizide-metformin,readmitted,0.0864691899516126
pioglitazone,gender,metformin,0.05589518656349604
num_previous_emergencies,number_diagnoses,change_in_meds,0.17425730288376162
nateglinide,num_not_lab_procedures,number_diagnoses,0.1303378954099702
num_previous_emergencies,age,change_in_meds,0.11199659031610823
glyburide-metformin,age,num_lab_procedures,0.07253733616358211
pioglitazone,race,gender,0.06538467911630064
insulin,num_lab_procedures,num_previous_emergencies,0.1336441969791971
glipizide,rosiglitazone,insulin,0.08503199200821582
nateglinide,age,readmitted,0.12220357242428627
rosiglitazone,race,readmitted,0.050223863507286096
pioglitazone,race,metformin,0.09568164388793954
rosiglitazone,days_in_hospital,glipizide,0.07854403573631374
chlorpropamide,rosiglitazone,insulin,0.05207694398571932
num_inpatient_overnight_stays,age,num_lab_procedures,0.06221723317844962
troglitazone,num_current_medications,number_diagnoses,0.10286050260724247
num_lab_procedures,repaglinide,readmitted,0.051082526228900624
readmitted,number_diagnoses,tolbutamide,0.07125098018299134
repaglinide,glipizide,insulin,0.07244036417135233
glipizide-metformin,num_lab_procedures,glyburide,0.08479722902946009
change_in_meds,glipizide,insulin,0.08177566395868902
chlorpropamide,insulin,readmitted,0.06726561140267909
race,age,glipizide,0.055405375371620394
repaglinide,race,number_diagnoses,0.09603225252077593
glimepiride,age,nateglinide,0.055084650356379675
num_not_lab_procedures,age,tolbutamide,0.07283126323833447
rosiglitazone,num_lab_procedures,pioglitazone,0.0596092491197905
insulin,age,troglitazone,0.09712530740651307
tolbutamide,num_not_lab_procedures,change_in_meds,0.08410102128793963
glyburide-metformin,gender,pioglitazone,0.1486287908101023
race,num_not_lab_procedures,pioglitazone,0.07706929045235668
race,num_lab_procedures,change_in_meds,0.05183168038014384
age,num_lab_procedures,rosiglitazone,0.05870838895785798
race,num_lab_procedures,nateglinide,0.07251278562895495
glipizide-metformin,number_diagnoses,insulin,0.13313108312294478
readmitted,nateglinide,pioglitazone,0.08789317093206442
nateglinide,race,glimepiride,0.09426407735358049
num_current_medications,number_diagnoses,glyburide,0.053288285773747814
glipizide-metformin,age,glipizide,0.06007173922981991
num_previous_emergencies,gender,number_diagnoses,0.09141832630907433
miglitol,number_diagnoses,glipizide,0.0740382221496658
num_previous_emergencies,num_lab_procedures,num_not_lab_procedures,0.10024724394001813
tolbutamide,age,num_not_lab_procedures,0.11001976206329894
rosiglitazone,num_lab_procedures,num_not_lab_procedures,0.07426176121106605
miglitol,race,days_in_hospital,0.08947371441063708
tolazamide,num_not_lab_procedures,insulin,0.06541574688527194
num_current_medications,troglitazone,insulin,0.07042184329266252
readmitted,troglitazone,insulin,0.06733227478456755
troglitazone,glimepiride,rosiglitazone,0.07390159680016894
glipizide-metformin,num_not_lab_procedures,number_diagnoses,0.095601757702233
tolbutamide,gender,days_in_hospital,0.08533774534895695
troglitazone,glimepiride,insulin,0.1439464923517378
num_lab_procedures,age,nateglinide,0.07127284742945363
pioglitazone,glimepiride,readmitted,0.07578189263063367
metformin,glipizide,pioglitazone,0.0630976324611058
tolbutamide,gender,num_lab_procedures,0.05872110704251592
nateglinide,number_diagnoses,pioglitazone,0.10451752583169323
glimepiride,glyburide,readmitted,0.06364075998508098
num_current_medications,age,rosiglitazone,0.05525586445121877
nateglinide,race,days_in_hospital,0.10742563117118528
age,number_diagnoses,readmitted,0.0666685182409019
metformin,repaglinide,pioglitazone,0.07224732639241746
glipizide-metformin,num_lab_procedures,num_not_lab_procedures,0.1171308193359308
race,glipizide,pioglitazone,0.05927549495616449
repaglinide,race,pioglitazone,0.057640901935752
repaglinide,num_not_lab_procedures,number_diagnoses,0.07020828295023171
glipizide-metformin,num_lab_procedures,glyburide-metformin,0.09557974421359555
num_previous_emergencies,num_lab_procedures,diabetes_med_prescribed,0.13284188487614088
glyburide,glyburide-metformin,glipizide-metformin,0.07068322093362356
nateglinide,num_current_medications,pioglitazone,0.07249941286990466
nateglinide,age,number_diagnoses,0.16222696195915276
pioglitazone,gender,rosiglitazone,0.05685878404364175
glipizide-metformin,gender,insulin,0.0765546746359074
nateglinide,gender,age,0.08479171868678917
nateglinide,num_current_medications,rosiglitazone,0.06090511641589286
glipizide-metformin,gender,metformin,0.09632615781949268
glimepiride,num_lab_procedures,insulin,0.06347471403758459
glipizide,days_in_hospital,rosiglitazone,0.06492045332472829
tolbutamide,num_lab_procedures,insulin,0.14502787318907256
acarbose,num_lab_procedures,metformin,0.06730900035183719
glipizide,num_current_medications,pioglitazone,0.05735221047464353
pioglitazone,metformin,readmitted,0.08241232973187179
acarbose,age,readmitted,0.07876533393054164
acarbose,age,glimepiride,0.05110912144963871
glimepiride,race,number_diagnoses,0.0755631611195576
metformin,race,num_not_lab_procedures,0.05224433628721635
number_diagnoses,repaglinide,readmitted,0.0633240012294808
glipizide-metformin,num_lab_procedures,number_diagnoses,0.11724454186372171
num_previous_emergencies,diabetes_med_prescribed,readmitted,0.15890139565800793
nateglinide,race,gender,0.09086847075945181
num_lab_procedures,number_diagnoses,readmitted,0.056973933379833655
repaglinide,race,age,0.10057307912437964
race,age,pioglitazone,0.07496263191337907
nateglinide,race,glyburide-metformin,0.06905210013223347
race,number_diagnoses,glyburide,0.05534587936547496
glipizide-metformin,glyburide,glyburide-metformin,0.08505784526371274
glimepiride,age,num_lab_procedures,0.06712365882355961
glyburide-metformin,num_not_lab_procedures,pioglitazone,0.06128437147614953
num_inpatient_overnight_stays,age,insulin,0.07999078783968563
acarbose,num_lab_procedures,readmitted,0.15547156025984118
race,age,num_current_medications,0.05719319625455674
acarbose,metformin,insulin,0.07477064900846597
glimepiride,race,metformin,0.05249689709626801
pioglitazone,num_not_lab_procedures,glyburide,0.056875941032139776
num_outpatient_appointments,num_lab_procedures,num_not_lab_procedures,0.07936689821098314
age,gender,rosiglitazone,0.05714266071848481
glyburide,pioglitazone,readmitted,0.054899509691112784
num_current_medications,race,num_lab_procedures,0.0791201337154302
glyburide-metformin,race,pioglitazone,0.06167254634511664
tolbutamide,num_not_lab_procedures,glyburide,0.0875817040667997
miglitol,gender,metformin,0.05433277183370033
nateglinide,num_lab_procedures,glimepiride,0.09204209010390338
miglitol,age,readmitted,0.08418977430735838
glipizide-metformin,num_lab_procedures,metformin,0.06073386263971928
glimepiride,metformin,glyburide,0.12404300702843629
number_diagnoses,num_lab_procedures,nateglinide,0.09525569175711482
nateglinide,days_in_hospital,num_lab_procedures,0.11024910733401405
tolbutamide,num_not_lab_procedures,insulin,0.11645774495322109
rosiglitazone,race,insulin,0.08153978623916676
acarbose,race,insulin,0.07051316752641679
acarbose,num_lab_procedures,glipizide,0.06319047500583434
insulin,num_lab_procedures,troglitazone,0.09029287284129665
race,repaglinide,insulin,0.06167012309006119
repaglinide,gender,age,0.075576551796911
glyburide,race,readmitted,0.06075194276995451
tolbutamide,gender,number_diagnoses,0.06842220759178574
miglitol,num_lab_procedures,glimepiride,0.06974244914207292
glipizide-metformin,metformin,insulin,0.06583462893646681
num_previous_emergencies,age,insulin,0.12438840876689508
tolbutamide,num_current_medications,readmitted,0.12867607805821193
miglitol,glyburide,readmitted,0.05013329410905069
race,rosiglitazone,insulin,0.06042584661797869
tolbutamide,gender,insulin,0.09649095278922834
number_diagnoses,metformin,pioglitazone,0.054857682196579854
pioglitazone,num_not_lab_procedures,nateglinide,0.05674996783066912
age,number_diagnoses,metformin,0.06276863214142836
tolbutamide,race,change_in_meds,0.05202128540677693
pioglitazone,glimepiride,insulin,0.08903408334334134
repaglinide,number_diagnoses,glyburide,0.059632841148544766
readmitted,num_lab_procedures,repaglinide,0.054881213144646834
glipizide-metformin,age,metformin,0.0728105825871331
num_current_medications,race,metformin,0.061888954348596176
race,num_lab_procedures,pioglitazone,0.08165618226310625
race,num_lab_procedures,rosiglitazone,0.050853739308633045
rosiglitazone,glyburide,insulin,0.06657988288729526
miglitol,days_in_hospital,number_diagnoses,0.10856402604893106
num_not_lab_procedures,number_diagnoses,insulin,0.07466974415920705
num_current_medications,glipizide,pioglitazone,0.05588661537744688
glimepiride,num_not_lab_procedures,number_diagnoses,0.057040387544577714
num_previous_emergencies,age,diabetes_med_prescribed,0.06700348407733876
pioglitazone,num_lab_procedures,insulin,0.06217647968228047
rosiglitazone,race,num_not_lab_procedures,0.07868158898239
acarbose,metformin,repaglinide,0.07736920950441889
change_in_meds,glipizide-metformin,readmitted,0.07797034222830918
glipizide,num_lab_procedures,pioglitazone,0.059684503131102365
miglitol,num_not_lab_procedures,metformin,0.06432044300575937
glimepiride,num_lab_procedures,pioglitazone,0.08390898353602157
tolbutamide,gender,readmitted,0.08834299443715846
glipizide,num_lab_procedures,rosiglitazone,0.07344683097048318
glyburide-metformin,rosiglitazone,readmitted,0.06545635388769194
pioglitazone,age,insulin,0.079050186455311
miglitol,race,number_diagnoses,0.07929093645737698
miglitol,insulin,readmitted,0.19411158855066568
repaglinide,race,num_lab_procedures,0.07621975855170166
repaglinide,num_lab_procedures,glimepiride,0.08004896519598759
race,age,rosiglitazone,0.058308562364273564
age,race,num_lab_procedures,0.05055140412011937
glipizide,num_not_lab_procedures,repaglinide,0.051138666032482114
number_diagnoses,num_current_medications,pioglitazone,0.0578777751524648
num_current_medications,age,metformin,0.06314027168067288
tolbutamide,days_in_hospital,insulin,0.06114998395076418
glipizide-metformin,num_lab_procedures,glipizide,0.07907951515613126
pioglitazone,repaglinide,readmitted,0.05974550980050253
race,age,nateglinide,0.06372019762196882
nateglinide,race,number_diagnoses,0.14458882062996387
glyburide-metformin,age,pioglitazone,0.11047586409153709
glimepiride,metformin,pioglitazone,0.052178419705158754
chlorpropamide,gender,readmitted,0.05763580374749519
miglitol,num_lab_procedures,insulin,0.14131258169629474
num_previous_emergencies,num_not_lab_procedures,diabetes_med_prescribed,0.0745852325617464
miglitol,num_lab_procedures,change_in_meds,0.05604263866025671
repaglinide,num_lab_procedures,pioglitazone,0.07977958583232797
rosiglitazone,num_lab_procedures,glyburide,0.05343205361174623
acarbose,race,num_lab_procedures,0.06804685905313686
num_previous_emergencies,gender,insulin,0.05858354209462927
race,num_not_lab_procedures,glyburide,0.05495232658638055
num_not_lab_procedures,num_lab_procedures,nateglinide,0.0853866966582823
repaglinide,gender,pioglitazone,0.0685299026300186
miglitol,number_diagnoses,readmitted,0.1527072817343687
glyburide,glimepiride,readmitted,0.06604952468091427
num_current_medications,num_lab_procedures,nateglinide,0.07358736060855003
number_diagnoses,gender,pioglitazone,0.05167747599683395
glimepiride,num_not_lab_procedures,nateglinide,0.053037112313244185
nateglinide,race,num_lab_procedures,0.11888465866573797
nateglinide,number_diagnoses,insulin,0.13737303454816113
acarbose,number_diagnoses,metformin,0.08922421687926357
acarbose,num_not_lab_procedures,number_diagnoses,0.052686530219750005
tolbutamide,num_lab_procedures,change_in_meds,0.088400056288443
number_diagnoses,age,change_in_meds,0.0548340998673134
glipizide,age,pioglitazone,0.06191500969829989
miglitol,num_lab_procedures,num_not_lab_procedures,0.13841839890766727
nateglinide,race,age,0.11929198937470063
metformin,nateglinide,insulin,0.09176756791480757
acarbose,glyburide,insulin,0.07791290319954713
glyburide,number_diagnoses,pioglitazone,0.06862288790402347
glipizide-metformin,gender,num_not_lab_procedures,0.07873642321203536
glimepiride,gender,age,0.05856164536155423
rosiglitazone,pioglitazone,insulin,0.050931585491424874
nateglinide,metformin,glimepiride,0.10333996983736182
race,gender,num_current_medications,0.05105921475338777
glipizide-metformin,insulin,readmitted,0.15067527855496818
pioglitazone,age,num_lab_procedures,0.06562486248333575
pioglitazone,age,readmitted,0.05760240074696979
num_current_medications,nateglinide,insulin,0.0881022041396189
change_in_meds,rosiglitazone,insulin,0.06279846049359461
num_previous_emergencies,change_in_meds,readmitted,0.09179792880552197
pioglitazone,num_current_medications,glimepiride,0.06129297709627668
repaglinide,race,readmitted,0.0803529371701609
pioglitazone,number_diagnoses,glyburide,0.06540644588011642
glipizide-metformin,glyburide,insulin,0.07439764161526244
tolbutamide,num_lab_procedures,glyburide,0.06163820725359577
number_diagnoses,gender,age,0.05439589377716558
num_current_medications,num_lab_procedures,change_in_meds,0.051693711903019635
tolbutamide,race,insulin,0.06063956073113904
num_previous_emergencies,num_not_lab_procedures,number_diagnoses,0.10155519661768922
pioglitazone,race,glimepiride,0.07785182697161896
pioglitazone,age,repaglinide,0.06514272959703066
acarbose,num_lab_procedures,rosiglitazone,0.10615810198046625
tolazamide,age,num_lab_procedures,0.07203024015779191
metformin,age,nateglinide,0.07033883308479744
tolbutamide,insulin,readmitted,0.10838271977265584
metformin,race,number_diagnoses,0.07253931723066824
rosiglitazone,age,num_current_medications,0.07032981536484031
glyburide,race,pioglitazone,0.05654228088496823
miglitol,race,num_current_medications,0.06882651528293364
troglitazone,num_current_medications,glimepiride,0.08085761038296253
gender,age,glyburide-metformin,0.0937650235872485
nateglinide,gender,readmitted,0.08022638595351711
pioglitazone,race,age,0.12861823835007655
metformin,race,nateglinide,0.053477802129955135
glipizide-metformin,age,number_diagnoses,0.16770556082377575
num_current_medications,race,readmitted,0.05849820946498365
miglitol,num_not_lab_procedures,readmitted,0.10138923329336273
glyburide,glimepiride,insulin,0.09096724254049503
number_diagnoses,tolbutamide,change_in_meds,0.050157182669946704
repaglinide,glyburide,readmitted,0.05352128015078494
pioglitazone,race,readmitted,0.07155265092355964
insulin,glipizide-metformin,readmitted,0.08485318052461965
repaglinide,num_not_lab_procedures,rosiglitazone,0.056058062424178205
nateglinide,pioglitazone,insulin,0.09899382239774507
nateglinide,gender,glimepiride,0.07649455007412054
glimepiride,age,glyburide,0.07700046401108254
num_outpatient_appointments,race,metformin,0.0566187388154594
repaglinide,number_diagnoses,insulin,0.08666351224595362
days_in_hospital,num_previous_emergencies,num_inpatient_overnight_stays,0.08793312947931319
age,num_not_lab_procedures,number_diagnoses,0.0995311270816267
readmitted,age,nateglinide,0.07333423836310118
glimepiride,num_current_medications,pioglitazone,0.05537778784220203
pioglitazone,nateglinide,readmitted,0.0610638981712175
troglitazone,rosiglitazone,insulin,0.14467671789244124
acarbose,age,insulin,0.08973351364705873
nateglinide,num_not_lab_procedures,readmitted,0.13134385844699398
acarbose,race,metformin,0.05834929008548978
race,num_not_lab_procedures,nateglinide,0.05040046246625744
days_in_hospital,age,nateglinide,0.07988463173421563
miglitol,glimepiride,rosiglitazone,0.06871208389664812
rosiglitazone,metformin,glipizide,0.08665563083298192
age,nateglinide,rosiglitazone,0.05684484600698757
glimepiride,repaglinide,readmitted,0.08166577598612781
tolbutamide,num_not_lab_procedures,readmitted,0.14838854524943307
pioglitazone,repaglinide,glyburide,0.06397457741722197
num_lab_procedures,tolbutamide,readmitted,0.05111554952801143
pioglitazone,num_lab_procedures,num_not_lab_procedures,0.07294981935897366
readmitted,num_lab_procedures,tolbutamide,0.07404427773079747
race,age,readmitted,0.05153165156221096
number_diagnoses,gender,nateglinide,0.08124947201792593
rosiglitazone,race,age,0.10999498701168993
glyburide-metformin,number_diagnoses,rosiglitazone,0.06499428028216057
number_diagnoses,gender,num_current_medications,0.06374506516985343
days_in_hospital,troglitazone,insulin,0.10585411198769629
nateglinide,insulin,readmitted,0.1227759641847566
glimepiride,age,readmitted,0.06251616262477029
glimepiride,num_lab_procedures,nateglinide,0.053773761248821286
glipizide,age,rosiglitazone,0.06449564725342091
rosiglitazone,gender,insulin,0.050307151769112636
glimepiride,number_diagnoses,glyburide,0.07406560716621303
glyburide,num_not_lab_procedures,rosiglitazone,0.05226636417225275
acarbose,age,glyburide,0.08934742469794618
age,num_lab_procedures,nateglinide,0.0622570205824071
num_outpatient_appointments,gender,days_in_hospital,0.053708277675281794
metformin,rosiglitazone,insulin,0.05364166202323255
